Date,Open,High,Low,Close,Adj Close,Volume
03-08-2015,713.799988,716.950012,705,712.299988,696.087708,916688
04-08-2015,717.950012,717.950012,703.099976,709.650024,693.497986,1237267
05-08-2015,710.950012,721.900024,709,718.599976,702.244202,1274983
06-08-2015,720.25,731.099976,718.049988,723.400024,706.935059,1374485
07-08-2015,724.700012,728.849976,713.5,715.150024,698.872803,980254
10-08-2015,717.400024,723.5,710.75,715.25,698.970642,914543
11-08-2015,719,729,713.950012,719.200012,704.801392,1636795
12-08-2015,718.450012,724.299988,696.75,707.650024,693.482727,2149755
13-08-2015,711.799988,730,710.5,725.5,710.97522,2079678
14-08-2015,735,741.75,730.25,739.599976,724.79303,3238561
17-08-2015,744.950012,745,701,703.150024,689.072754,7582133
18-08-2015,709,709.400024,680.799988,683.799988,670.110046,5972184
19-08-2015,687,703.400024,686.900024,696.099976,682.163818,2593642
20-08-2015,697.5,708,688.400024,691.599976,677.753967,2267326
21-08-2015,680,700.950012,671.099976,697.400024,683.437866,2011811
24-08-2015,675,681.900024,626,635.849976,623.120117,4568527
25-08-2015,649,654,605.700012,645.400024,632.478943,4891926
26-08-2015,648,649,633.5,637.450012,624.68811,2031606
27-08-2015,652,667.799988,640,660.950012,647.717529,3929856
28-08-2015,675,679.700012,655,659.849976,646.639648,2111583
31-08-2015,659.799988,685,655.099976,682.150024,668.493225,2172057
01-09-2015,682,688.400024,657,663.150024,649.873535,2567389
02-09-2015,665,669.75,644.099976,648.299988,635.320862,2734383
03-09-2015,659,663.75,651.799988,655.650024,642.523682,3366027
04-09-2015,676.25,679.799988,646.5,649.549988,636.545776,4428049
07-09-2015,656,662,647.25,649.549988,636.545776,1844881
08-09-2015,652,654.099976,623.5,650,636.986816,2197872
09-09-2015,662.849976,668,650.099976,656.450012,643.307617,1561345
10-09-2015,649,657.5,640.700012,653.700012,640.612732,1254979
11-09-2015,660,662.75,648.900024,653.150024,640.073853,1179996
14-09-2015,654.75,663,650.5,660.700012,647.472656,796196
15-09-2015,665.950012,667,653.5,658.299988,645.120605,921666
16-09-2015,660.200012,665.700012,657,661.599976,648.354553,1038816
18-09-2015,667,669,647.049988,652,638.946777,2152655
21-09-2015,648,652,639.599976,649.25,636.25177,1001552
22-09-2015,653,653.299988,642.099976,644.150024,631.253906,1673424
23-09-2015,638.799988,644,633.5,642.150024,629.294067,1098608
24-09-2015,640,650.799988,639,643.099976,630.224976,2130588
28-09-2015,648,653.849976,639.049988,641.900024,629.049011,2002727
29-09-2015,636.799988,644.799988,628.5,636.5,623.75708,1385234
30-09-2015,638,639.950012,631.200012,636.049988,623.31604,3135198
01-10-2015,642.900024,649,631.450012,633.549988,620.86615,2945165
05-10-2015,639.650024,642,633.650024,640.099976,627.285034,2469393
06-10-2015,643.900024,666.450012,641.349976,664,650.706543,2513511
07-10-2015,668.900024,683.599976,660.599976,680.799988,667.170227,2160153
08-10-2015,688,689.5,672.049988,680.25,666.631226,2304302
09-10-2015,684.400024,691.900024,679.25,689.549988,675.744995,1867010
12-10-2015,692,692.799988,675,676.349976,662.809204,980356
13-10-2015,676.25,681,673.5,679.049988,665.4552,1215291
14-10-2015,673,680.200012,660,679.200012,665.602234,1219164
15-10-2015,683.75,683.950012,669.400024,670.950012,657.517456,1232379
16-10-2015,674.400024,680.5,669,679.450012,665.847229,1925227
19-10-2015,679.5,689.700012,677,688.450012,674.667114,2154963
20-10-2015,689.650024,689.650024,658.599976,673.599976,660.11438,5642920
21-10-2015,673.599976,681.900024,672,678,664.42627,2005358
23-10-2015,682.099976,686,679.299988,682.200012,668.542175,1705211
26-10-2015,683.400024,684,673.400024,681.25,667.611267,1217235
27-10-2015,676,688,672.25,684.700012,670.992065,1610215
28-10-2015,682.25,702.25,675.799988,696.049988,682.114807,1537365
29-10-2015,699,704.900024,689.5,691.549988,677.704956,2975896
30-10-2015,699,703.900024,688.049988,690.450012,676.627014,1885373
02-11-2015,688.950012,688.950012,674.400024,680.25,666.631226,766804
03-11-2015,686.049988,686.049988,671.099976,675.400024,661.878296,1048233
04-11-2015,680,680.950012,668.099976,670.700012,657.272461,1321427
05-11-2015,675,675.400024,655.200012,658.049988,644.87561,1833741
06-11-2015,655,672.700012,651,658.150024,644.973694,1715887
09-11-2015,644.099976,649.700012,638.599976,647.599976,634.634827,1192556
10-11-2015,647,648.5,637.5,641.900024,629.049011,1166182
13-11-2015,635,635.950012,615.099976,617.900024,605.52948,2193410
16-11-2015,617.849976,631.150024,613.150024,625.799988,613.271301,1127051
17-11-2015,628.950012,638.900024,628,635.75,623.022095,808720
18-11-2015,634.799988,642,627.400024,629.75,617.142212,1026565
19-11-2015,635,637.400024,629.849976,635.650024,622.924133,523990
20-11-2015,635.900024,648.900024,631.099976,646.849976,633.899841,1070873
23-11-2015,647.599976,648,633.5,641.450012,628.607971,878175
24-11-2015,640,646.799988,635,637.299988,624.541138,909556
26-11-2015,639.799988,641.900024,633.099976,634.549988,621.846069,1319195
27-11-2015,637.400024,645.700012,635.549988,643.650024,630.763977,1110713
30-11-2015,643,651.5,639,643.650024,630.763977,2146672
01-12-2015,645.5,650,645,648.549988,635.565796,670534
02-12-2015,648.599976,661.400024,648.5,658.400024,645.21875,1610659
03-12-2015,652.75,656,642.25,651.200012,638.162842,1484709
04-12-2015,649.650024,655,643.599976,645.799988,632.870911,1127553
07-12-2015,647.950012,654,640.099976,645.200012,632.28302,921343
08-12-2015,642,648.5,638.400024,642.599976,629.735046,730708
09-12-2015,642.049988,644.900024,620,623.799988,611.311279,1044192
10-12-2015,625.049988,640.849976,622,636.799988,624.051086,1030589
11-12-2015,636.549988,642.950012,630.75,639.25,626.452087,1104857
14-12-2015,637.900024,643.799988,631.049988,637.049988,624.296082,721113
15-12-2015,637.049988,641.5,636.549988,638.900024,626.109009,948636
16-12-2015,642.950012,643.950012,637.099976,638.650024,625.864075,1166504
17-12-2015,639,644.950012,636.299988,642.900024,630.028992,1333918
18-12-2015,642.799988,649.299988,640.099976,642.099976,629.244995,995474
21-12-2015,649.799988,649.799988,641.099976,643.700012,630.812927,738842
22-12-2015,643.950012,648,641.5,644.200012,631.302917,508379
23-12-2015,646,649.400024,644.5,647.450012,634.487854,342498
24-12-2015,648.799988,654.400024,645.200012,648.200012,635.222839,395801
28-12-2015,648.150024,659.450012,647.299988,657.599976,644.434631,793844
29-12-2015,660,660,652,653.849976,640.759705,472504
30-12-2015,653.799988,657,650.099976,653.200012,640.122742,587218
31-12-2015,653,655,647.200012,649.75,636.741821,765254
01-01-2016,653.200012,658.450012,648.5,655.349976,642.229675,556012
04-01-2016,652.049988,653.799988,639.400024,645.650024,632.723877,631534
05-01-2016,646.200012,649.950012,638.049988,640.849976,628.019958,642269
06-01-2016,639.700012,655.950012,638.700012,652.099976,639.044739,1234096
07-01-2016,648,650,629,637.450012,624.68811,732335
08-01-2016,637.299988,645,614,622.349976,609.890381,1553402
11-01-2016,617.400024,617.400024,604.25,610.049988,597.83667,1668698
12-01-2016,609,616.900024,605.700012,611.450012,599.208618,1278522
13-01-2016,615.25,615.950012,596.099976,608.650024,596.464722,794118
14-01-2016,603.400024,617.049988,596.75,614.299988,602.001587,986574
15-01-2016,616,616.950012,602.349976,609.099976,596.90564,1119442
18-01-2016,608,608.049988,586.400024,591.049988,579.21698,1435098
19-01-2016,590.349976,600.799988,583,598.049988,586.076904,849433
20-01-2016,594.799988,603.150024,588,593.150024,581.275024,1002709
21-01-2016,600.25,601.450012,576.549988,580.25,568.633301,1452498
22-01-2016,582.799988,588.5,577.400024,581.900024,570.250244,1297154
25-01-2016,590,590,579.200012,580.599976,568.976135,910559
27-01-2016,582,587.650024,572.299988,580.5,568.878235,982504
28-01-2016,581,585.5,575,577.799988,566.2323,1336930
29-01-2016,579.950012,592,578.099976,585.099976,573.386108,1146060
01-02-2016,591.900024,605.950012,589.150024,599.450012,587.448914,1045333
02-02-2016,601,606.049988,562,574,562.508362,1779141
03-02-2016,570,578.799988,559.400024,562.049988,550.797607,1188642
04-02-2016,567,570.400024,540.049988,550.400024,539.380859,1614064
05-02-2016,555,573.299988,544.099976,570.150024,558.735474,864080
08-02-2016,574.950012,575.75,561.099976,566.849976,555.501404,1264314
09-02-2016,564.900024,571.200012,551.099976,555.849976,544.72168,1357674
10-02-2016,555,558.950012,534,538.599976,527.817017,2425499
11-02-2016,530,548.700012,517.299988,540.849976,530.022034,5647601
12-02-2016,543,543.549988,525.049988,528.599976,518.017212,1981976
15-02-2016,533.049988,542,528.5,539.700012,528.895142,2467275
16-02-2016,545.950012,549.5,520.450012,524.049988,513.55835,2664696
17-02-2016,526,526.5,513.400024,519.099976,508.707458,1924596
18-02-2016,527.099976,529.400024,520.599976,524.400024,513.901367,1967772
19-02-2016,525.950012,531,519.200012,524.650024,514.146362,1054082
22-02-2016,529.349976,531.849976,525,530.5,519.879211,1236400
23-02-2016,531.900024,532.900024,517.5,522.599976,512.137329,1047760
24-02-2016,522.200012,523.049988,510.5,513.950012,503.660614,1836770
25-02-2016,518,521.799988,510,519,508.609497,2723564
26-02-2016,522.849976,527.75,519,524,513.509399,1985528
29-02-2016,528,528,505,514.150024,503.856567,3487816
01-03-2016,515,521.400024,509.600006,516.349976,506.012482,2146110
02-03-2016,523.5,532,519.400024,525.599976,515.077332,3422308
03-03-2016,530,531,523.400024,527.099976,516.547241,3101778
04-03-2016,533.700012,545.599976,530.25,537.700012,526.935059,2693406
08-03-2016,539.799988,549.700012,528.799988,532.349976,521.6922,1409496
09-03-2016,533.849976,535,521.349976,529.299988,518.703247,4376676
10-03-2016,530.200012,540.200012,530,533.950012,523.260254,3609343
11-03-2016,534.5,538.549988,530.950012,534.599976,523.897095,2806975
14-03-2016,538,543.75,530.099976,537.599976,526.837097,3909833
15-03-2016,538.599976,539,522,525.049988,514.53833,2961527
16-03-2016,524.900024,534.799988,516.200012,531,520.369202,2221318
17-03-2016,536.299988,537,521.549988,524.549988,514.048279,2100095
18-03-2016,529,530.049988,517.5,528.25,517.674377,4345885
21-03-2016,530,538.400024,527.5,535.849976,525.122131,1221223
22-03-2016,537.5,539,531.049988,535.299988,524.58313,1529194
23-03-2016,534.799988,536.299988,525.549988,532.799988,522.133179,1361735
28-03-2016,536.299988,537.349976,522.099976,524.200012,513.705383,1947564
29-03-2016,521.049988,525,494.549988,503.5,493.4198,6503207
30-03-2016,506.950012,516.5,502.5,512.349976,502.09256,4372138
31-03-2016,513,518,507.899994,511.950012,501.700623,3086978
01-04-2016,513.799988,517.299988,510,514.549988,504.248566,1239447
04-04-2016,519,519,512.150024,514.299988,504.00354,768318
05-04-2016,513,516,501.450012,503,492.92981,1086907
06-04-2016,503.350006,507.5,497,504.950012,494.84079,1820374
07-04-2016,505.75,513.049988,501.700012,506.399994,496.261719,2102922
08-04-2016,509.799988,510.600006,503.25,504.450012,494.3508,1262329
11-04-2016,505.5,506,497.049988,502.149994,492.096802,2929584
12-04-2016,502.700012,508.850006,499.700012,501.950012,491.900818,3622355
13-04-2016,505.149994,515,504,511.899994,501.651642,3642720
18-04-2016,515,525.700012,507.100006,524.099976,513.6073,3507933
20-04-2016,525,530.400024,519.25,527.200012,516.645386,2898556
21-04-2016,530,534,526.599976,532,521.349243,3392813
22-04-2016,529.700012,536.549988,527,531.349976,520.712219,1880283
25-04-2016,532.5,533.849976,523.5,526.5,515.959351,1959119
26-04-2016,524.650024,542.25,524.150024,540.5,529.678955,1855477
27-04-2016,539.5,544.299988,534.5,540.200012,529.385071,1456338
28-04-2016,538.900024,543.75,525,528.25,517.674377,3088525
29-04-2016,527.200012,538.400024,527.099976,537,526.249084,932705
02-05-2016,536.950012,544.599976,535,540.650024,529.826111,1336667
03-05-2016,540,547,526.549988,536.849976,526.102051,1524809
04-05-2016,534,541.349976,529,533.200012,522.525208,785756
05-05-2016,535.5,544,533.5,541.799988,530.953003,1025103
06-05-2016,540,542.75,535.099976,537.349976,526.592102,511789
09-05-2016,538.299988,540.200012,533.25,536.549988,525.808105,727957
10-05-2016,537,539.5,532.75,537.049988,526.298157,669096
11-05-2016,532,539.5,530.75,536.599976,525.857117,943441
12-05-2016,536.950012,542.450012,534.349976,536.299988,525.563171,670055
13-05-2016,534.450012,538.700012,530.049988,531.700012,521.055115,891484
16-05-2016,533.849976,533.849976,520.349976,521.799988,511.353363,883516
17-05-2016,523,528.650024,522.5,523.75,513.264343,679688
18-05-2016,522.549988,526.75,520.049988,524.549988,514.048279,653047
19-05-2016,524.099976,525.900024,510.200012,512.700012,502.435608,1062398
20-05-2016,514.299988,515.25,501.200012,507.100006,496.947723,1700932
23-05-2016,510,510,494.799988,497.399994,487.441895,2021694
24-05-2016,499.950012,505.200012,491.549988,494.049988,484.158936,2526624
25-05-2016,480,480,457.450012,469.799988,460.39447,15183389
26-05-2016,472.700012,473.899994,466,467.950012,458.581512,4432025
27-05-2016,470.899994,478.5,469.100006,473.450012,463.971405,2638981
30-05-2016,476.950012,478.5,470,473.549988,464.069397,1183625
31-05-2016,475.399994,479.25,471,472.649994,463.187408,2368362
01-06-2016,474.700012,474.700012,462.75,464.899994,455.59256,1247617
02-06-2016,464.450012,470,459,468.100006,458.728546,1354914
03-06-2016,470.5,473.950012,462.299988,465.200012,455.886566,1318109
06-06-2016,468.950012,471.5,465.399994,466.649994,457.307526,1409144
07-06-2016,466.649994,471.899994,466.649994,468.350006,458.973541,1797918
08-06-2016,471.850006,474,468,472.149994,462.697418,811331
09-06-2016,473.549988,481.950012,469.100006,479.100006,469.50827,1695845
10-06-2016,475,486.600006,474.5,476.450012,466.911346,1704257
13-06-2016,474.950012,479.899994,465.549988,468.700012,459.316528,1271568
14-06-2016,470.100006,484,469.549988,482.700012,473.036224,2522251
15-06-2016,485.899994,492.549988,483.799988,490.049988,480.239044,1860880
16-06-2016,487.799988,488.850006,479.350006,486.649994,476.907135,1239939
17-06-2016,487,490,484.049988,486.450012,476.711151,593507
20-06-2016,486.649994,490.899994,482.549988,488.25,478.475128,1026672
21-06-2016,490,490,480.299988,483.399994,473.722198,861422
22-06-2016,483.850006,486.5,480,482.450012,472.791229,673949
23-06-2016,481.100006,483,474.649994,475.75,466.225342,1918112
24-06-2016,468,478,459.600006,476.549988,467.009308,1875935
27-06-2016,475,491,474,489.049988,479.259064,2362093
28-06-2016,490,499,486.549988,497.350006,487.392883,1775304
29-06-2016,498.799988,504,496.049988,502.450012,492.390808,1048438
30-06-2016,505,506.799988,499.450012,501,490.969818,2152521
01-07-2016,502,510,499.850006,508.600006,498.417664,1008068
04-07-2016,510.700012,513.400024,508.100006,510.200012,499.985687,1055119
05-07-2016,510.200012,511.100006,502.700012,507,496.849731,689915
07-07-2016,505.5,517.349976,504.049988,514.299988,504.00354,2078580
08-07-2016,518,522.450012,513.049988,520.299988,509.883453,1828792
11-07-2016,525.400024,528.25,520,522,511.549377,1441960
12-07-2016,522.5,522.900024,514.099976,515.700012,505.375549,891315
13-07-2016,516,519.450012,511.200012,514.599976,504.297516,1202156
14-07-2016,515.900024,516.599976,507,511.950012,501.700623,1257722
15-07-2016,513.950012,518.900024,510.200012,516.400024,506.061554,1004156
18-07-2016,517.049988,517.299988,505.299988,506.950012,496.80069,1459230
19-07-2016,507,510.399994,500.549988,505.799988,495.673737,1027246
20-07-2016,507.450012,519.400024,505.25,517.849976,507.482422,3584904
21-07-2016,522.5,526.950012,514,515.849976,505.522491,2274652
22-07-2016,516,522.900024,512.349976,520.400024,509.981445,1188747
25-07-2016,514.049988,526.5,513,524.599976,514.09729,1337348
26-07-2016,527.5,530.150024,521.75,523.549988,513.068298,2105457
27-07-2016,523,529.150024,516.950012,523.150024,512.676453,894972
28-07-2016,523.900024,527.950012,519,520.650024,510.226501,1347889
29-07-2016,522.400024,535.5,520,527.400024,516.841309,1785352
01-08-2016,528.799988,535,521.5,524.049988,513.55835,955999
02-08-2016,525.099976,529.950012,516.200012,517.900024,507.531494,1009436
03-08-2016,517,534.900024,515.299988,529.450012,518.850281,1846161
04-08-2016,531.200012,534,523,526.950012,516.40033,1564658
05-08-2016,530.900024,534.599976,527.25,533.25,522.574158,699384
08-08-2016,533.900024,541.200012,531.950012,535.400024,524.681213,852842
09-08-2016,537.799988,540,530.150024,532.950012,522.280273,886532
10-08-2016,532.5,533.950012,519.5,521.25,510.814453,809814
11-08-2016,521.5,525.5,517.900024,523.950012,513.460388,761596
12-08-2016,524,526.400024,512.099976,515.950012,505.620544,2124886
16-08-2016,510.200012,557.549988,510.200012,554.150024,543.055786,8817547
17-08-2016,552,564,547.200012,549.849976,538.841736,3819727
18-08-2016,553.700012,557.5,548,552.650024,541.585815,1434412
19-08-2016,552.849976,560.549988,552.5,556.799988,545.65271,1598177
22-08-2016,557,564.900024,552.299988,557.599976,546.436646,1218782
23-08-2016,557.599976,557.75,552.049988,555.650024,544.525757,874783
24-08-2016,559.799988,572,553.849976,567.200012,555.844482,2340210
25-08-2016,570,574.549988,560,562.900024,551.630554,3471437
26-08-2016,567.5,571.700012,562.349976,567.25,555.893494,2196070
29-08-2016,568.299988,570.349976,562.900024,568,556.62854,1085860
30-08-2016,570,581.450012,567.700012,576.099976,564.566284,1075723
31-08-2016,581.049988,587.5,570,572.950012,561.479309,3596264
01-09-2016,575,581.299988,571,579.150024,567.555176,960422
02-09-2016,580.299988,581.099976,571.5,577.950012,566.379272,880437
06-09-2016,585,586.299988,576,578.599976,567.016235,1189215
07-09-2016,580.049988,585.950012,575.099976,580.75,569.123169,1786522
08-09-2016,581.200012,598.400024,581.200012,595.150024,583.234985,1573263
09-09-2016,595.099976,595.599976,578,580.5,568.878235,1513978
12-09-2016,572.200012,579.200012,562.299988,570.099976,560.61792,1296182
14-09-2016,570,583.700012,569.799988,577.5,567.894897,1579482
15-09-2016,579,591,576.849976,585.400024,575.663513,1294197
16-09-2016,587.099976,596,586.099976,593.549988,583.677917,2145891
19-09-2016,594.900024,600,593.25,597.799988,587.857239,1213754
20-09-2016,598.700012,607.5,596,602.849976,592.823181,2209606
21-09-2016,602.849976,607,597.099976,601.349976,591.348145,1578461
22-09-2016,605,610.950012,603.900024,609.099976,598.969299,1926725
23-09-2016,609,617.799988,604.700012,611.549988,601.378479,1225528
26-09-2016,609,615,603,604.5,594.445801,1796225
27-09-2016,604,610.299988,601.849976,607.200012,597.100891,1443938
28-09-2016,608.700012,612.400024,602.25,605.799988,595.724182,1561039
29-09-2016,608,611,585.75,602.849976,592.823181,2252434
30-09-2016,601.849976,603.900024,562.25,580.049988,570.402405,6967821
03-10-2016,584.700012,591.700012,582.200012,588.849976,579.05603,1146677
04-10-2016,590.299988,603.849976,590.299988,597.799988,587.857239,1656807
05-10-2016,600,600.150024,590,591.650024,581.80957,961556
06-10-2016,592.5,596.799988,576.849976,578.799988,569.173279,1504743
07-10-2016,578.849976,583.400024,566.5,570.049988,560.568787,1317543
10-10-2016,570.25,584.400024,570.25,580.650024,570.992493,929998
13-10-2016,596.950012,599,580.5,582,572.320007,3834775
14-10-2016,584.75,590,583,587,577.236877,1054501
17-10-2016,589,592.049988,583.650024,586,576.253479,1344977
18-10-2016,587,594,582.25,592.75,582.891235,1213156
19-10-2016,591.200012,598.799988,591.200012,596.349976,586.431335,1001409
20-10-2016,596.5,600.5,593.799988,596.599976,586.677124,913371
21-10-2016,597.5,597.5,570,583.25,573.549255,1792780
24-10-2016,585,594.400024,582,584.700012,574.975159,992033
25-10-2016,586,594.5,582.700012,584.5,574.778503,831989
26-10-2016,583,584.900024,575.150024,577.650024,568.042358,814132
27-10-2016,578,588,570.5,585.75,576.007629,779140
28-10-2016,585.5,586.849976,573.700012,575.150024,565.584045,911117
01-11-2016,579.450012,579.450012,570.099976,571.75,562.24054,880843
02-11-2016,569.950012,569.950012,557.549988,560.099976,550.784241,806345
03-11-2016,556,563.799988,556,560,550.685913,701598
04-11-2016,556.099976,565.5,538,544.700012,535.640381,1517311
07-11-2016,549.5,555.75,544,545.75,536.672913,939497
08-11-2016,549.700012,550.900024,530.200012,535.299988,526.396729,1015538
09-11-2016,512.099976,532,486.549988,526.299988,517.546448,3810958
10-11-2016,545,568,545,563.700012,554.324402,3982787
11-11-2016,559.700012,564,545.25,547.950012,538.836365,1232505
15-11-2016,547.599976,561.049988,528.599976,552.400024,543.212341,1505372
16-11-2016,562,564.849976,535.5,538.150024,529.199402,1169205
17-11-2016,539,549.349976,536.099976,545.700012,536.623718,924167
18-11-2016,541.200012,555.650024,541.200012,550.950012,541.786438,1214083
21-11-2016,550,555.349976,542.099976,545.099976,536.033691,1056778
22-11-2016,547.099976,559.349976,543.5,550.5,541.343933,1300502
23-11-2016,554.900024,559.400024,547.150024,552.799988,543.605591,1520986
24-11-2016,551.400024,558.299988,545.049988,553.650024,544.441589,1816603
25-11-2016,557,569.950012,548.5,565.049988,555.651917,1022658
28-11-2016,569.299988,577,568.049988,570.549988,561.060486,1224023
29-11-2016,573,573.950012,564.299988,569.150024,559.683777,832424
30-11-2016,570,573.25,563.5,566.599976,557.176086,1366319
01-12-2016,567,579.849976,566.099976,568.200012,558.749573,1064251
02-12-2016,566,573.900024,566,571.200012,561.699646,984594
05-12-2016,573.5,581.400024,571.349976,573,563.469666,1158108
06-12-2016,575,580.450012,570.950012,574.849976,565.28894,779936
07-12-2016,577.450012,577.599976,569.400024,570.849976,561.355469,694556
08-12-2016,573.5,583.900024,570.200012,582.75,573.057556,1177494
09-12-2016,586,586,576.450012,578.900024,569.271606,539344
12-12-2016,576.400024,582,572.599976,574.799988,565.239746,848042
13-12-2016,574.099976,581.200012,570.5,578.849976,569.222412,553306
14-12-2016,579,579.650024,564.25,568,558.552917,585671
15-12-2016,568,576.549988,559.099976,563.150024,553.783569,1032429
16-12-2016,562.900024,569.900024,561.349976,566.200012,556.782837,665505
19-12-2016,565,574.5,561.400024,569.150024,559.683777,997716
20-12-2016,572.849976,573.799988,562,563.099976,553.734314,873053
21-12-2016,565,567.400024,561.900024,562.799988,553.439331,743830
22-12-2016,562.299988,565.950012,560,561.400024,552.062622,1870565
23-12-2016,561,589.150024,552,582.299988,572.61499,2585856
26-12-2016,581.299988,581.299988,548.099976,554.950012,545.71991,2106357
27-12-2016,559,566.200012,555.150024,563.650024,554.275269,1063407
28-12-2016,567,572,560.799988,562.400024,553.046021,743252
29-12-2016,563.099976,569,562.75,564.849976,555.455261,985947
30-12-2016,565.599976,573.450012,565.599976,568.799988,559.3396,673901
02-01-2017,569.75,572.450012,563.25,566,556.586121,520139
03-01-2017,566.799988,576.799988,562,573.650024,564.108948,626867
04-01-2017,572.950012,576,567.5,568.25,558.798706,729355
05-01-2017,570.200012,581.5,569.299988,579.849976,570.20575,919562
06-01-2017,580.049988,591,577.200012,582.849976,573.155884,851729
09-01-2017,583.549988,588.950012,574.900024,576.700012,567.108215,545949
10-01-2017,577.5,582.900024,573.599976,574.900024,565.338135,430654
11-01-2017,576.950012,579,569.5,576.950012,567.354065,543706
12-01-2017,573.950012,587.799988,567.299988,586.25,576.499329,1086059
13-01-2017,587,589.099976,579.450012,583.400024,573.696777,557024
16-01-2017,577.400024,592,577.400024,588.799988,579.006897,634510
17-01-2017,590.5,592,581.200012,587.25,577.482727,737937
18-01-2017,588.799988,593.400024,577.349976,580.799988,571.140015,591422
19-01-2017,582.299988,587.400024,573.349976,580.349976,570.69751,772657
20-01-2017,583.799988,592.5,574.400024,577.599976,567.993164,1100568
23-01-2017,574.450012,583.450012,573,575.75,566.174011,1197343
24-01-2017,574.700012,581.299988,574.099976,579.900024,570.255005,527089
25-01-2017,581.25,588.849976,577.650024,585.650024,575.909363,888914
27-01-2017,584.700012,591.400024,579.450012,580.150024,570.500793,622149
30-01-2017,578.700012,584.549988,577.150024,582.25,572.565857,589553
31-01-2017,581.549988,583,572.599976,575.349976,565.780579,712955
01-02-2017,573,579.25,566.299988,572.150024,562.63385,873328
02-02-2017,575,587,567.049988,584.349976,574.630859,1033116
03-02-2017,584.299988,611.5,580.400024,607.900024,597.789246,2491068
06-02-2017,610.349976,621.25,599.099976,601.599976,591.593994,2513820
07-02-2017,601.799988,608,594.599976,597.549988,587.611389,1084820
08-02-2017,600,609,597.75,603.200012,593.167419,2122225
09-02-2017,611,611.549988,584.450012,587.650024,577.876038,4192748
10-02-2017,592,593.75,576.799988,579.950012,570.304138,1485266
13-02-2017,582.700012,585.400024,576.049988,582.650024,572.959229,946922
14-02-2017,582,586.599976,574.099976,576.049988,566.468994,816754
15-02-2017,577.5,578.650024,571.150024,574.25,564.698914,1441907
16-02-2017,575,585.400024,574.5,584.599976,574.87677,1156826
17-02-2017,585.900024,596.450012,580.650024,593.25,583.382935,1209276
20-02-2017,593.200012,597.75,582,592.75,582.891235,1008015
21-02-2017,591.900024,595,588.5,593.099976,583.235352,712028
22-02-2017,592.200012,592.900024,586,589.25,579.449463,942703
23-02-2017,589.299988,594.200012,586.049988,592.400024,582.547058,1263865
27-02-2017,592,594.900024,581.349976,585.25,575.51593,867683
28-02-2017,587.700012,592.799988,582.599976,583.700012,573.99176,749802
01-03-2017,585.700012,592.900024,584.200012,586.299988,576.548462,808027
02-03-2017,588.299988,591.950012,586.400024,589.25,579.449463,1571599
03-03-2017,588.950012,596.700012,585,588.599976,578.810181,759454
06-03-2017,592,595,588.200012,590.099976,580.285278,943409
07-03-2017,591.700012,591.700012,586.099976,588.049988,578.26947,475240
08-03-2017,591.75,593.349976,583.049988,591.849976,582.006226,1055453
09-03-2017,588.799988,593.450012,585.25,589.200012,579.400269,690612
10-03-2017,589.200012,591.5,587.049988,589.099976,579.301941,558480
14-03-2017,597,601.5,590.349976,600.200012,590.217285,1324778
15-03-2017,602,605.849976,598.549988,600.200012,590.217285,1479366
16-03-2017,605.099976,605.900024,598.049988,601.400024,591.397461,852049
17-03-2017,604.5,604.5,594.25,597.299988,587.36554,2189719
20-03-2017,597.5,601.5,593.450012,596.299988,586.382202,1027093
21-03-2017,598.5,598.5,590.299988,591.849976,582.006226,861663
22-03-2017,588.900024,598.450012,587.900024,595.200012,585.300537,1018355
23-03-2017,595.799988,598.200012,582.200012,596.25,586.333008,1555876
24-03-2017,595,598.25,591.5,593.950012,584.071228,930175
27-03-2017,597,597,590,592.099976,582.252014,1038435
28-03-2017,592,596,591.450012,594.150024,584.267944,772698
29-03-2017,595,596.549988,591.900024,593.150024,583.284607,1047812
30-03-2017,594.5,600.849976,591.799988,598.349976,588.398071,2096305
31-03-2017,598,598.900024,591,592.950012,583.087891,2242680
03-04-2017,595.299988,595.299988,590.099976,592.650024,582.792969,758083
05-04-2017,600,603.900024,590.450012,593.049988,583.186157,1926049
06-04-2017,591.5,593.650024,587.049988,590.299988,580.481934,1436914
07-04-2017,590.349976,593.450012,585.150024,590,580.187012,1958876
10-04-2017,591,594.200012,588.25,589.650024,579.842773,1177737
11-04-2017,590,591.650024,575.099976,580.049988,570.402405,2103296
12-04-2017,575,582,570.650024,579.400024,569.763306,1188457
13-04-2017,580.5,582.950012,574.700012,577.25,567.649048,1038273
17-04-2017,580,580,573.049988,576.5,566.911499,487497
18-04-2017,576.5,578.25,573.25,575.799988,566.223145,1062574
19-04-2017,576,577,572.75,575.400024,565.829773,1078477
20-04-2017,576,577.200012,573.299988,574.049988,564.502258,1339006
21-04-2017,573,574,562.700012,564.450012,555.061951,1256922
24-04-2017,565,565.099976,553.650024,557.049988,547.784912,1997176
25-04-2017,556.950012,561.599976,550.299988,552.950012,543.753174,1543039
26-04-2017,549.799988,561,545.400024,556.75,547.48999,1425158
27-04-2017,560,564.799988,555.049988,561.700012,552.357666,2343761
28-04-2017,561.950012,561.950012,555,557.450012,548.178406,865584
02-05-2017,558,559,553.799988,555.349976,546.11322,1380964
03-05-2017,554.599976,558.349976,553.200012,556.049988,546.801697,798476
04-05-2017,557.599976,557.599976,548.200012,549.950012,540.803101,1271612
05-05-2017,549,554.400024,544.150024,549.950012,540.803101,560799
08-05-2017,549.950012,554.799988,546.5,551.549988,542.376465,302450
09-05-2017,552,554,545.049988,552.950012,543.753174,652189
10-05-2017,552.849976,562.549988,551.25,561.049988,551.718445,718502
11-05-2017,562.450012,565,558.299988,561.950012,552.603516,566621
12-05-2017,560.099976,569.849976,557.150024,567.950012,558.503784,725246
15-05-2017,567,572.450012,561,569,559.536255,606569
16-05-2017,566.650024,570,564,565.599976,556.19281,330195
17-05-2017,565.099976,566,560.049988,562.349976,552.996826,895238
18-05-2017,559.299988,564.950012,556.799988,560.099976,550.784241,2155599
19-05-2017,561.299988,566.650024,558.650024,564.950012,555.553589,685662
22-05-2017,567,567.700012,553.099976,563.099976,553.734314,948063
23-05-2017,558.599976,558.799988,531.25,533.200012,524.331665,1225772
24-05-2017,531,536.349976,514,519.650024,511.007111,1340656
25-05-2017,522,525,496.399994,504,495.61734,4378940
26-05-2017,483,504.75,480.200012,488.899994,480.768494,7010307
29-05-2017,492,507.5,488.899994,505.350006,496.944885,4118338
30-05-2017,504.799988,517.599976,501.399994,510.5,502.009247,1047968
31-05-2017,514.799988,520.099976,505,516.349976,507.761871,1366315
01-06-2017,519.700012,529.900024,513.049988,515.549988,506.97522,1433241
02-06-2017,517.700012,533.900024,517.700012,530.049988,521.23407,2152367
05-06-2017,531.299988,536.700012,528,534.799988,525.905029,802335
06-06-2017,537.700012,539.549988,522.349976,534.650024,525.757568,765557
07-06-2017,536.400024,543.450012,530.700012,540.200012,531.215271,719071
08-06-2017,538.75,554.700012,537.099976,550.150024,540.999756,1396596
09-06-2017,554.5,555.799988,545.25,551.099976,541.93396,867969
12-06-2017,549,555.200012,544.549988,553.349976,544.146484,910344
13-06-2017,553.349976,555,546.549988,551.549988,542.376465,946713
14-06-2017,551.5,554.5,536.349976,539.900024,530.920227,1176535
15-06-2017,539.700012,550.900024,537.049988,549.450012,540.311462,826366
16-06-2017,548,551.950012,535.049988,536.75,527.822632,1127326
19-06-2017,537.099976,542.5,524,539.75,530.772766,1723168
20-06-2017,539.75,549.5,536,547.849976,538.738037,774728
21-06-2017,544.5,546,535.200012,541,532.001953,784293
22-06-2017,540,545.549988,539.049988,540.150024,531.166138,750732
23-06-2017,540.900024,544,538.299988,541.150024,532.149536,603986
27-06-2017,542.5,551.599976,533.099976,534.650024,525.757568,1038604
28-06-2017,535.400024,538.650024,531,536.849976,527.920959,601643
29-06-2017,538.450012,546.950012,534.25,543.75,534.706177,1252382
30-06-2017,545,558.900024,542.5,555.599976,546.359131,830751
03-07-2017,559,559.900024,548.849976,551.849976,542.671387,490390
04-07-2017,557.700012,558,543.299988,545.049988,535.984619,559358
05-07-2017,546.099976,547.799988,541.450012,545.900024,536.820496,833105
06-07-2017,546.349976,547.900024,540.099976,542.849976,533.821167,556426
07-07-2017,542.599976,552,541.5,547.150024,538.049683,893680
10-07-2017,560,560,546.099976,549.200012,540.065552,123363
11-07-2017,550.5,552.650024,536.049988,538.450012,529.494324,1526837
12-07-2017,539.450012,543.5,537,539.950012,530.969421,1039208
13-07-2017,540.200012,544.450012,538.849976,543.650024,534.607849,694180
14-07-2017,544.25,551.150024,540.849976,548.049988,538.934631,960041
17-07-2017,549,559,546.700012,556.5,547.244141,692893
18-07-2017,558,567,555.099976,559.75,550.440125,1319574
19-07-2017,560.200012,569.450012,560.200012,568.25,558.798706,761444
20-07-2017,569,577,562.650024,571.900024,562.388,1090882
21-07-2017,570,570,560.150024,566.200012,556.782837,672906
24-07-2017,564,575.5,562.099976,569.75,560.273804,873677
25-07-2017,571,571.400024,562.400024,564.400024,555.012817,510032
26-07-2017,564.700012,577.450012,563.5,575.450012,567.891357,864728
27-07-2017,573.700012,579.400024,565,568.700012,561.230042,1853099
28-07-2017,566.75,570.900024,556.5,566.099976,558.664185,907951
31-07-2017,567.549988,568.950012,556.799988,560.099976,552.742981,753415
01-08-2017,560.099976,565.900024,558.5,562.450012,555.062134,712732
02-08-2017,562.849976,570.900024,560,568.549988,561.08197,664681
03-08-2017,568.549988,575,553.799988,557.150024,549.831726,1065451
04-08-2017,551.900024,571.700012,543.049988,568.700012,561.230042,1004233
07-08-2017,566.5,571.099976,553,566.5,559.058899,769606
08-08-2017,560.799988,580,560.799988,578.599976,571,1367344
09-08-2017,581,581,557.25,561.849976,554.46991,1801630
10-08-2017,560,569.849976,541.5,548.200012,540.999329,1217416
11-08-2017,545,563.700012,525.450012,541.400024,534.288635,4337214
14-08-2017,560,576,552.099976,570.049988,562.562256,4029605
16-08-2017,569.5,593.700012,561.049988,590.450012,582.694336,1838012
17-08-2017,593.400024,594,569.900024,573.200012,565.670959,1422631
18-08-2017,573.400024,575.799988,560.200012,565.299988,557.874695,1680225
21-08-2017,566.900024,570,555.150024,561.75,554.371338,1222907
22-08-2017,562.049988,567.650024,558,559.25,551.904114,848353
23-08-2017,561.700012,565,556.650024,559.150024,551.805481,848822
24-08-2017,559,575.75,557.299988,574.049988,566.509766,1866440
28-08-2017,575.5,581,570.549988,574.099976,566.559082,905222
29-08-2017,570.549988,574.049988,564.5,568.900024,561.427429,608351
30-08-2017,574,576,565.5,566.349976,558.910828,596376
31-08-2017,570,578,562,571.900024,564.388062,1908728
01-09-2017,573,577.349976,565.099976,568.400024,560.934021,891591
04-09-2017,574.5,577,557.549988,561.700012,554.322021,1731377
05-09-2017,564.700012,565.849976,556.900024,559.599976,552.249512,928770
06-09-2017,558.900024,560.599976,553.849976,558.299988,550.966614,581901
07-09-2017,560,561,551.299988,554.200012,546.920471,885205
08-09-2017,554.5,558,549.150024,552,544.74939,775272
11-09-2017,555.099976,558.150024,550,553.849976,546.575012,523800
12-09-2017,554.400024,562.799988,543.349976,560.5,553.137695,1330724
13-09-2017,556,562.099976,552.549988,554.400024,547.117859,1159840
14-09-2017,556,567.299988,555.450012,565.950012,558.516174,1600717
15-09-2017,564.849976,565.75,556.549988,561.400024,554.02594,926019
18-09-2017,563.200012,572.150024,560.650024,570.700012,563.203735,649831
19-09-2017,571.700012,574.5,564.5,573.400024,565.868286,675306
20-09-2017,572.5,573.799988,565.200012,569.700012,562.216919,759531
21-09-2017,570.049988,594,570.049988,591.900024,584.125305,3102522
22-09-2017,591.900024,600,582.450012,585.349976,577.661316,4003845
25-09-2017,581.900024,594.400024,564.349976,577.200012,569.618347,2389495
26-09-2017,582,582,570,579,571.394714,978323
27-09-2017,579.599976,580.700012,563,570.099976,562.611572,561243
28-09-2017,565,589,564.150024,582.650024,574.996826,2993535
29-09-2017,580,592,577.75,586.099976,578.401428,1021610
03-10-2017,590.099976,592.75,575.5,578.900024,571.296082,522462
04-10-2017,579.900024,587.400024,579.299988,581.049988,573.417786,631463
05-10-2017,583,590,579.049988,585.349976,577.661316,647977
06-10-2017,586.099976,589.200012,582.849976,585.400024,577.710693,462656
09-10-2017,584.900024,595.5,578.5,585.549988,577.858643,1116280
10-10-2017,590,593.450012,585.549988,590.150024,582.398254,741493
11-10-2017,591,594,579.549988,586.150024,578.450867,1053561
12-10-2017,589.450012,593.349976,580.299988,589.650024,581.904846,751507
13-10-2017,590.299988,598.25,588.299988,592.849976,585.062805,936015
16-10-2017,595,608.900024,594.299988,606.75,598.780273,1716771
17-10-2017,606,635.900024,602,632.099976,623.79718,2563968
18-10-2017,631,631,609,611,602.974365,1185323
19-10-2017,613.950012,613.950012,602.049988,607.799988,599.816406,151609
23-10-2017,613,619.450012,589.5,592.900024,585.112183,1413195
24-10-2017,600.299988,600.650024,591.299988,595.049988,587.233948,1138645
25-10-2017,599,604,589.5,592.650024,584.865479,991374
26-10-2017,595.400024,616.799988,592.549988,611.5,603.467834,2002276
27-10-2017,625,629.799988,616.200012,625.049988,616.839844,2198491
30-10-2017,623.25,630,614.549988,626.049988,617.82666,1045267
31-10-2017,629,634.900024,621.599976,627.599976,619.356384,1522851
01-11-2017,628.25,633.349976,621.150024,626.75,618.517517,1359809
02-11-2017,626.400024,642.799988,625.150024,636,627.645996,2058898
03-11-2017,640,648.150024,629.549988,640.099976,631.692139,1722647
06-11-2017,637.099976,661,636.900024,654.799988,646.199097,2195805
07-11-2017,663.400024,663.400024,602,607.549988,599.569702,7331364
08-11-2017,624.849976,637.799988,620,622.599976,614.421997,5570213
09-11-2017,624,628,611.599976,614.549988,606.477722,1809019
10-11-2017,617.5,621.5,603.650024,609.299988,601.296753,1400233
13-11-2017,610.299988,611.299988,595.700012,602.099976,594.191284,1109147
14-11-2017,598,613.299988,598,602.450012,594.536682,1498244
15-11-2017,602.650024,607.950012,590.200012,593.650024,585.852295,1171698
16-11-2017,595.349976,599.450012,590,592.849976,585.062805,1228065
17-11-2017,607,614.900024,600.650024,608.549988,600.55658,1448847
20-11-2017,605.549988,608,596.099976,604.25,596.313049,1609788
21-11-2017,607,624,607,616.099976,608.007446,2222545
22-11-2017,616.900024,625.700012,614,619.25,611.116028,2014698
23-11-2017,619.25,625.200012,615,617.599976,609.487671,792383
24-11-2017,619.5,623.900024,613.25,615.700012,607.612671,1118354
27-11-2017,617,619.900024,611.049988,614.799988,606.724548,1388114
28-11-2017,616,621.700012,609.799988,611.799988,603.763855,1486189
29-11-2017,615,619.400024,605.25,607.900024,599.915161,1465289
30-11-2017,605,607.849976,597.049988,600.900024,593.007141,1612910
01-12-2017,604.5,606,593.700012,598.099976,590.243774,747562
04-12-2017,599.299988,602.799988,588.799988,596.700012,588.862244,660077
05-12-2017,595,599.849976,591.75,596.450012,588.61554,979009
06-12-2017,595.799988,603.799988,594.5,596.450012,588.61554,919271
07-12-2017,598,600,588.299988,593.450012,585.654968,752359
08-12-2017,595,607,592.450012,603.099976,595.178162,606123
11-12-2017,612,612.950012,597.200012,603.650024,595.721008,850998
12-12-2017,604.700012,606,590,591.650024,583.878662,762200
13-12-2017,591.5,598.150024,576.349976,578.150024,570.555908,1197264
14-12-2017,580,593.700012,575.099976,590.450012,582.694336,1428906
15-12-2017,597,597,573.200012,576.450012,568.878296,4312419
18-12-2017,578.400024,594.900024,571.650024,591.650024,583.878662,2379562
19-12-2017,592.450012,605.700012,592.450012,603.900024,595.967651,1474696
20-12-2017,605.700012,611,597.75,600.650024,592.760315,1068145
21-12-2017,602.950012,608.700012,596,599.799988,591.921509,1274585
22-12-2017,603,604,598.849976,601.200012,593.303162,668806
26-12-2017,604.049988,614.900024,596.099976,611.75,603.7146,1239536
27-12-2017,613,623.75,610.200012,612.650024,604.602722,1765029
28-12-2017,614,616.150024,603.200012,606.049988,598.089355,1428319
29-12-2017,606.150024,611.900024,604.099976,608.5,600.507263,702774
01-01-2018,608,617.849976,607,611.5,603.467834,873546
02-01-2018,614.200012,619,605.5,607.799988,599.816406,1038258
03-01-2018,611,613.900024,604.549988,606.799988,598.82959,771828
04-01-2018,609.450012,618.400024,603.450012,616.75,608.648865,990602
05-01-2018,617,619.849976,611.099976,615.150024,607.069946,1072254
08-01-2018,618.5,627.5,612.200012,615.049988,606.971191,1061612
09-01-2018,617,618.650024,610.650024,615.599976,607.513916,846158
10-01-2018,616,624.150024,612.849976,619.75,611.609497,1207313
11-01-2018,619,619,609.099976,612.349976,604.30658,1092456
12-01-2018,614,618.400024,603.099976,612.099976,604.059937,891848
15-01-2018,612.5,615.5,608.200012,610.25,602.234253,470386
16-01-2018,610.150024,613.5,599,601.400024,593.500549,1088762
17-01-2018,601.049988,610.599976,597.049988,607.150024,599.174988,883340
18-01-2018,608.099976,612.950012,598.25,603.650024,595.721008,1028921
19-01-2018,603.650024,605.099976,600.150024,602.75,594.832764,818518
22-01-2018,604.400024,605,593.099976,601.150024,593.253784,933769
23-01-2018,602.5,625,600.299988,622.349976,614.175293,2105060
24-01-2018,621.950012,623.75,612.900024,618.299988,610.178528,1089562
25-01-2018,618.150024,631,613.700012,621.400024,613.237793,2973765
29-01-2018,624.950012,628.400024,611.099976,615,606.921875,1564268
30-01-2018,613,613.099976,603.200012,605.950012,597.990784,596682
31-01-2018,608,608.5,590,592.150024,584.372009,1264055
01-02-2018,591.900024,597,580.200012,587.049988,579.338989,1050098
02-02-2018,586,593.900024,575.099976,581.150024,573.516541,998752
05-02-2018,576,582.099976,571.200012,580.099976,572.480225,797017
06-02-2018,561,572,558.049988,564.25,556.83844,1284112
07-02-2018,578.5,579.900024,554.200012,569.25,561.772827,3161498
08-02-2018,584,617.150024,580.150024,612.650024,604.602722,8349913
09-02-2018,595,626,595,621.400024,613.237793,2373799
12-02-2018,629.349976,635,618.849976,621.650024,613.484497,1957424
14-02-2018,622.099976,630.299988,611.5,616.150024,608.056824,1306512
15-02-2018,613.25,621.450012,602.950012,605.849976,597.892029,1391858
16-02-2018,611.299988,613.950012,605.5,611.099976,603.073059,906025
19-02-2018,612,612.150024,594.349976,600.400024,592.513672,1216005
20-02-2018,603.450012,606.099976,592,603.450012,595.52356,1599249
21-02-2018,607,607.75,589.25,597.25,589.405029,1409752
22-02-2018,595,597.25,586.599976,589.650024,581.904846,1859008
23-02-2018,591.799988,605,590,595.650024,587.82605,1576584
26-02-2018,596.25,598.299988,588.75,590.099976,582.348877,1417465
27-02-2018,591.700012,598.900024,583.099976,586.5,578.796204,1349590
28-02-2018,590,596.599976,587.099976,589.650024,581.904846,2255189
01-03-2018,593.900024,593.900024,580.400024,581.700012,574.059265,1343806
05-03-2018,582.099976,585,578.049988,579.25,571.641418,1179725
06-03-2018,581.599976,589.400024,580.049988,584.099976,576.427673,1891302
07-03-2018,587.450012,589.099976,578.200012,580.200012,572.578979,1849650
08-03-2018,584,584,574,578,570.407837,1084582
09-03-2018,579.950012,585.200012,568.049988,571.049988,563.549133,1149194
12-03-2018,575.049988,582.200012,563.549988,580.650024,573.023071,919792
13-03-2018,579,582.900024,575.150024,578.75,571.14801,801792
14-03-2018,578.349976,583.799988,571.650024,577.900024,570.309204,811747
15-03-2018,578,579.599976,569,571.150024,563.647827,849222
16-03-2018,570.099976,574,557.049988,559.400024,552.052185,1867538
19-03-2018,563.650024,566.900024,555.400024,559.75,552.397522,1447941
20-03-2018,555.099976,561.849976,522.900024,552.900024,545.637573,9119209
21-03-2018,558.5,567.450012,546.400024,551.049988,543.811829,3091963
22-03-2018,551.900024,555,538.150024,540.75,533.647156,1506405
23-03-2018,539,540.700012,534,538.400024,531.328064,1203262
26-03-2018,538.150024,544.599976,532.950012,541.799988,534.68335,1105319
27-03-2018,541,549,541,545.049988,537.890686,2206872
28-03-2018,544,548.799988,534,545.450012,538.2854,2667979
02-04-2018,548,578.950012,545.900024,576.25,568.680847,2823880
03-04-2018,572,578.349976,568.799988,570.299988,562.80896,2493190
04-04-2018,572.349976,575.450012,564.5,569.799988,562.315552,1852997
05-04-2018,574,578.549988,558.349976,560.349976,552.989685,2396864
06-04-2018,560.299988,571,557.25,558.950012,551.608154,2420324
09-04-2018,565.900024,565.900024,555.5,556.75,549.437012,1470765
10-04-2018,558,567,556.599976,558.150024,550.818665,1591682
11-04-2018,560.700012,564,558.5,561.5,554.124573,1789789
12-04-2018,562.900024,562.950012,554.799988,556.150024,548.844849,1309557
13-04-2018,557.549988,561.150024,552.549988,555.5,548.20343,1019158
16-04-2018,553.049988,587.799988,553.049988,584.950012,577.266602,6741354
17-04-2018,585.549988,588.349976,575.700012,579.950012,572.332275,2688507
18-04-2018,582,597,582,584.599976,576.921143,3853951
19-04-2018,584.25,592,583.049988,584.400024,576.723877,1525419
20-04-2018,582.349976,593.400024,581.5,589.049988,581.312622,1641179
23-04-2018,576,601.75,576,600.150024,592.266907,3016500
24-04-2018,601,604.900024,595.099976,601.900024,593.993958,2782988
25-04-2018,600.5,600.5,586.200012,593.049988,585.260132,1125208
26-04-2018,591,602.900024,590.549988,599.950012,592.06958,1503008
27-04-2018,602,607,593,599.849976,591.970825,1031376
30-04-2018,602.200012,609,602,607.400024,599.421692,687828
02-05-2018,610,621.900024,608.950012,612,603.961243,1862999
03-05-2018,613,613.099976,597,609.299988,601.296753,999887
04-05-2018,612.099976,612.450012,595.5,597,589.158325,925559
07-05-2018,598.599976,600.099976,585,591.049988,583.286438,1046885
08-05-2018,592.400024,601.950012,586.549988,590.650024,582.891724,1039491
09-05-2018,591.400024,596,585.549988,588,580.27655,652527
10-05-2018,594,594.599976,572.5,575.5,567.940735,2163326
11-05-2018,577.049988,580.75,565.099976,573.700012,566.164368,921890
14-05-2018,575,580.5,570.849976,578.5,570.901245,888370
15-05-2018,579.799988,593,573.099976,575.799988,568.236755,2049528
16-05-2018,575,575,546,559.900024,552.545654,4071898
17-05-2018,557.900024,560,538.799988,553.75,546.476318,3719963
18-05-2018,555,556,530,533.049988,526.04834,1708157
21-05-2018,531.650024,536.799988,516,520.450012,513.613831,2013336
22-05-2018,524.799988,531.099976,507.200012,524,517.117188,3080285
23-05-2018,515,564.900024,515,532.400024,525.40686,7413823
24-05-2018,536.5,544.549988,530,533.5,526.492371,1925524
25-05-2018,538.849976,538.849976,527.5,536.650024,529.601074,1525355
28-05-2018,534,548.299988,534,539.5,532.413513,1460566
29-05-2018,539.099976,542.599976,527.700012,530.599976,523.630371,2656979
30-05-2018,529.099976,529.099976,519.549988,525.599976,518.696167,2156315
31-05-2018,528.599976,533.650024,521.049988,524.799988,517.906616,3539206
01-06-2018,526.950012,530.75,521.049988,524.5,517.610596,1625446
04-06-2018,527.5,529,517.150024,520.700012,513.860474,1247023
05-06-2018,520.299988,544.75,517.700012,542.099976,534.97937,3398337
06-06-2018,542.099976,548,533.400024,538.450012,531.37738,2909756
07-06-2018,541.950012,542.549988,537.200012,540.700012,533.597839,1119973
08-06-2018,541.799988,562,538.75,559.650024,552.298889,4815940
11-06-2018,560,570,559,560.799988,553.433777,3113604
12-06-2018,561.900024,573,561,567.099976,559.651062,3234303
13-06-2018,569.950012,593.5,569.950012,582.099976,574.454041,4657712
14-06-2018,588.950012,592.900024,583.5,588.049988,580.325867,3244655
15-06-2018,590,614.549988,589.799988,611.599976,603.566528,7125922
18-06-2018,612,618.799988,600.299988,606.5,598.533447,2518169
19-06-2018,606.25,610.450012,598.200012,601.849976,593.94458,2992184
20-06-2018,613,622.75,600.349976,602.849976,594.931396,9121187
21-06-2018,608.799988,609.700012,602,603.5,595.572937,3052143
22-06-2018,604,618.049988,595.25,615.75,607.661987,3245849
25-06-2018,615.099976,622.549988,608,611.400024,603.369202,3253606
26-06-2018,606,608.700012,597.25,599.5,591.625427,2323337
27-06-2018,602.5,606.950012,593,602.299988,594.388672,2520918
28-06-2018,604.5,609.900024,596,600.900024,593.007141,4173735
29-06-2018,601.5,619.900024,599.900024,616.650024,608.550232,1525608
02-07-2018,620,620,611,617,608.895569,1502606
03-07-2018,617,644.650024,608.049988,640.400024,631.98822,5271600
04-07-2018,644.950012,648,623.799988,628.900024,620.639343,5043141
05-07-2018,632,637,623.099976,626.549988,618.320129,2127794
06-07-2018,624.900024,631,610.400024,612.5,604.454712,2514518
09-07-2018,616.849976,625,615,622.900024,614.71814,1462808
10-07-2018,626.599976,633.900024,620.150024,632.049988,623.747864,1872744
11-07-2018,626.299988,630.5,621.299988,625.299988,617.086548,1669583
12-07-2018,629.400024,636.700012,622.700012,633.349976,625.030762,2177684
13-07-2018,634,634,624.200012,626.700012,618.468201,1475306
16-07-2018,629.400024,636,611.150024,620.950012,612.793762,2211200
17-07-2018,621.900024,639.599976,620.099976,637.450012,629.076965,2228377
18-07-2018,640,644,625.099976,627.400024,619.158936,2348371
19-07-2018,629.799988,632.099976,606.150024,610.099976,602.086243,1424272
20-07-2018,614.950012,630,602.150024,625.799988,617.579956,2832150
23-07-2018,623.150024,637.299988,617.25,634.099976,625.770935,1553101
24-07-2018,633.950012,633.950012,624.5,627.349976,619.109619,1319369
25-07-2018,629,631,613.450012,623.900024,615.704956,1413265
26-07-2018,619,631.25,617.450012,627.849976,619.603027,3163498
27-07-2018,627.75,641.900024,625.900024,636.200012,627.843445,1508269
30-07-2018,633,636.25,628,634.299988,625.968323,990056
31-07-2018,636.950012,647,628.099976,641.349976,632.92572,2469759
01-08-2018,641,641.549988,635,639.150024,630.754639,2411436
02-08-2018,635,651.900024,633.049988,638.5,630.11322,3974559
03-08-2018,640.950012,647.599976,639,641.049988,632.6297,1530339
06-08-2018,647,648.799988,635.299988,637.950012,629.570435,2716402
07-08-2018,642.900024,642.900024,627.099976,629.450012,621.182068,2414266
08-08-2018,629,645.450012,623.599976,632.549988,624.241333,4121062
09-08-2018,649,662.5,616.700012,619.150024,611.017334,9996909
10-08-2018,624.950012,628.5,614.5,621.049988,612.892395,3168280
13-08-2018,622,631.549988,619.200012,628.299988,623.056885,2374657
14-08-2018,629.099976,647,624,642.75,637.38623,2451003
16-08-2018,644.700012,660,634.25,648.349976,642.939514,3925549
17-08-2018,650.049988,655.5,643.700012,646.900024,641.501648,2915387
20-08-2018,649.900024,653.5,642.400024,643.849976,638.477112,1296664
21-08-2018,647.900024,654.450012,644,650.25,644.823669,1981523
23-08-2018,653.450012,665,652.700012,657.950012,652.459412,2891829
24-08-2018,658,658,645,651.200012,645.765808,1904031
27-08-2018,653,662.5,648.200012,659.599976,654.095642,1381724
28-08-2018,662,677.5,644.650024,648.299988,642.889954,5237362
29-08-2018,650,653.650024,640,643.5,638.130005,1891523
30-08-2018,645,651.900024,640.5,649.450012,644.030396,2124122
31-08-2018,649.549988,664,649.549988,662.150024,656.62439,3056580
03-09-2018,665.5,671.200012,646.599976,649.099976,643.683289,1971733
04-09-2018,649.799988,655,638.400024,643.900024,638.526672,2249087
05-09-2018,645.049988,650.900024,637.200012,646.549988,641.154541,2542543
06-09-2018,651,664.700012,647,662.099976,656.574768,2841096
07-09-2018,663.849976,669.5,656.299988,664.75,659.202637,2431363
10-09-2018,665,678,664,668.049988,662.475098,3453432
11-09-2018,670.099976,675,650.599976,654.900024,649.434937,3399042
12-09-2018,654.900024,662,643.25,656.450012,650.971985,3302191
14-09-2018,664,670,659.049988,666.400024,660.838928,1512857
17-09-2018,673,673,660.400024,664.900024,659.35144,2220455
18-09-2018,665,673,660.599976,663.700012,658.161438,1814726
19-09-2018,668,678.450012,645.75,660.599976,655.087341,3043018
21-09-2018,668,671.549988,638.400024,653.200012,647.749084,2276641
24-09-2018,662,668.950012,640.799988,645.599976,640.212463,2766326
25-09-2018,644,665.799988,643,661.75,656.227722,2295464
26-09-2018,664.450012,675.25,656,672.799988,667.185486,2131833
27-09-2018,675,677,655.950012,659.349976,653.847717,3433359
28-09-2018,659.349976,663,647.200012,654.049988,648.59198,1862405
01-10-2018,653.049988,659,643.5,654.150024,648.691162,1309530
03-10-2018,650,663.950012,650,654.549988,649.087769,1533990
04-10-2018,650.099976,654.650024,632.099976,638.400024,633.072632,1736407
05-10-2018,635.299988,649.549988,631,636.650024,631.337219,1806150
08-10-2018,636.599976,642.650024,628.450012,638.799988,633.469238,1564640
09-10-2018,639.5,643.099976,625.25,639.349976,634.014648,1535781
10-10-2018,639.349976,651,633.299988,639.599976,634.262512,1881053
11-10-2018,627.5,633.799988,613.049988,616.200012,611.057861,1707508
12-10-2018,620,627.200012,612.599976,622.900024,617.701965,2085360
15-10-2018,623,649.799988,618.049988,647.849976,642.443726,2666868
16-10-2018,647.849976,651.650024,637.349976,639.75,634.411316,1510216
17-10-2018,644.900024,646,637,640.450012,635.105469,1280980
19-10-2018,640.299988,645.549988,626.099976,633.799988,628.510925,2267774
22-10-2018,635.200012,640.650024,626.849976,629.650024,624.39563,1399755
23-10-2018,628.799988,632,616,622.349976,617.156494,1370461
24-10-2018,625.5,635,615.599976,621.299988,616.115295,987144
25-10-2018,618.549988,624,605.150024,609,603.917908,5739386
26-10-2018,609.200012,612.349976,598.650024,603.700012,598.66217,1935618
29-10-2018,602.349976,638.200012,601.450012,635.150024,629.849731,1614423
30-10-2018,636,636.700012,608.099976,610.349976,605.256653,2418471
31-10-2018,612,631.75,606.299988,629.25,623.998901,2305046
01-11-2018,630,631.950012,614,615.400024,610.264526,1442392
02-11-2018,619.950012,619.950012,605.5,607.099976,602.033691,1566053
05-11-2018,607.400024,617.5,557.099976,563.049988,558.351318,12941350
06-11-2018,555,555,527.349976,530.799988,526.370483,16941828
07-11-2018,536,536,532.099976,533.349976,528.899231,698244
09-11-2018,535.5,535.799988,524,526.950012,522.552612,6125274
12-11-2018,530,541.900024,529.049988,531.849976,527.411682,7669697
13-11-2018,534,534,526.5,528.099976,523.692993,2410643
14-11-2018,530.599976,532.599976,517,519.549988,515.214417,2740756
15-11-2018,521.900024,525,514.450012,519.150024,514.817749,2661535
16-11-2018,521.700012,534,521.099976,530.599976,526.17218,3483625
19-11-2018,535,536,523.950012,528.25,523.841736,1913914
20-11-2018,528,529.849976,518.650024,520.700012,516.354797,1707971
21-11-2018,522.799988,528.049988,521.299988,522.150024,517.792664,1749806
22-11-2018,523,525,511.75,517.950012,513.627686,2045318
26-11-2018,520,523.75,512.799988,522.099976,517.743042,1728468
27-11-2018,526,526.950012,513.049988,517.650024,513.330261,2100159
28-11-2018,519.200012,523.950012,513.599976,515.299988,510.999847,2003272
29-11-2018,518,526.400024,516,524.700012,520.321411,2799578
30-11-2018,528,542,527,540.849976,536.336548,3855382
03-12-2018,542,545.400024,534.099976,535.799988,531.328796,2033213
04-12-2018,536,549,535.049988,546.450012,541.889893,3400053
05-12-2018,546,548.900024,525.299988,528.450012,524.0401,2192065
06-12-2018,528,528,511,515.299988,510.999847,2562048
07-12-2018,520,530.650024,512,513.599976,509.313995,3503808
10-12-2018,509.899994,514.849976,503.100006,512.549988,508.272766,2201377
11-12-2018,503,523.950012,503,518.700012,514.371521,2326059
12-12-2018,522.900024,534.299988,521.099976,531.299988,526.866333,1683131
13-12-2018,532,533.799988,519.200012,527,522.602173,2234487
14-12-2018,528.349976,533.799988,516.650024,521.75,517.395996,1950888
17-12-2018,524,529.349976,520.700012,523.650024,519.280212,1196871
18-12-2018,524,527,520.049988,522.900024,518.536438,1628240
19-12-2018,524,528.599976,522.549988,524.75,520.370972,1241000
20-12-2018,523.700012,526,515.400024,520.25,515.908569,2074097
21-12-2018,521,523.950012,514.299988,516.650024,512.338623,1758710
24-12-2018,518.799988,520.799988,513,518.799988,514.470581,1214348
26-12-2018,515.599976,519,507.299988,514.299988,510.008148,1318560
27-12-2018,518.900024,521,514,517.900024,513.578186,1351636
28-12-2018,514.299988,525.349976,514.299988,522,517.643982,1933464
31-12-2018,522,526,517.200012,519.5,515.164795,1897948
01-01-2019,520,524,518.650024,523.049988,518.685181,1361809
02-01-2019,521.900024,522.5,513.150024,514.549988,510.256104,1243067
03-01-2019,516.5,520.5,511.200012,512.400024,508.124054,2086150
04-01-2019,513,514.900024,508.049988,512.799988,508.520691,1651456
07-01-2019,516,517.75,510.299988,514.049988,509.760254,1168002
08-01-2019,516,517.200012,511.25,513.650024,509.363647,1765015
09-01-2019,515.549988,516.75,507.5,510.100006,505.843231,1929305
10-01-2019,509,514.900024,509,513.25,508.966949,1252439
11-01-2019,513.400024,519,508.25,510.200012,505.942413,2051418
14-01-2019,510.200012,514,505.600006,511.950012,507.677795,1472415
15-01-2019,514.5,515.349976,509.5,514.950012,510.652802,1177377
16-01-2019,515,515.950012,509,511.5,507.231537,1446921
17-01-2019,512.5,514.950012,507.600006,509.600006,505.347412,1598184
18-01-2019,510.200012,513,507.299988,509.399994,505.149078,1502360
21-01-2019,510,514.200012,508.200012,509.25,505.000305,1150380
22-01-2019,510,511.399994,502.450012,507.100006,502.868286,1455953
23-01-2019,510,511.700012,507.100006,509.299988,505.049896,1358623
24-01-2019,510,510.700012,496.100006,500.700012,496.521667,1620195
25-01-2019,502.100006,508.600006,501.350006,507.649994,503.413666,1193442
28-01-2019,509,509,489.100006,492.149994,488.04303,3215535
29-01-2019,489.100006,507.549988,483.75,505.049988,500.835358,2675481
30-01-2019,504.950012,507.100006,497.700012,505.799988,501.579102,1524621
31-01-2019,506,519.849976,504.25,517.299988,512.983154,2203919
01-02-2019,517.650024,522.549988,512.5,521.349976,516.999329,1380838
04-02-2019,521,521,506.200012,509.600006,505.347412,1480952
05-02-2019,506.549988,514,501.200012,508,503.760773,4358002
06-02-2019,510.5,546.700012,504.100006,534.950012,530.485901,8775759
07-02-2019,537.099976,546.599976,528.150024,532.900024,528.453003,4417618
08-02-2019,532.849976,543.700012,531.200012,534.25,529.791748,2747159
11-02-2019,538.700012,545.900024,535.849976,543.299988,538.766113,2989919
12-02-2019,540.049988,545.700012,536.099976,543.299988,538.766113,2252766
14-02-2019,542.900024,556,537.400024,542.900024,538.369507,2766535
15-02-2019,540,551.400024,528.5,540.549988,536.039124,2491806
18-02-2019,542,545.049988,532.299988,541.150024,536.634155,1590101
19-02-2019,544.799988,545,536.75,539.650024,535.146667,1879600
20-02-2019,540.200012,543.200012,538.650024,541.099976,536.584534,1208930
21-02-2019,542.849976,547.900024,540.5,545.5,540.947815,1093548
22-02-2019,543.799988,546.099976,539.099976,541.299988,536.782837,1592112
25-02-2019,541.5,550.849976,541,548.299988,543.724426,1961905
26-02-2019,545.099976,553.650024,538.049988,550.400024,545.806946,1952961
27-02-2019,551,555.349976,544.25,551.900024,547.294434,2389977
28-02-2019,555,558.299988,546,554.549988,549.922302,2618486
01-03-2019,555,555.299988,547.400024,551.549988,546.947327,2430914
05-03-2019,550,551.5,546.549988,548.650024,544.071533,1644098
06-03-2019,551,552,541.950012,547.549988,542.980713,1587182
07-03-2019,547.650024,550,539.650024,541.349976,536.832397,1144534
08-03-2019,541,543.400024,538.25,539.950012,535.444153,2618767
11-03-2019,542,542,535.5,540.099976,535.592834,2342102
12-03-2019,541.900024,543.650024,537.299988,538.75,534.25415,2049339
13-03-2019,542,542.5,531,532.799988,528.35376,1582245
14-03-2019,532.049988,534.099976,530.5,532.75,528.304199,1490894
15-03-2019,534.099976,535.400024,528.950012,532.599976,528.155457,2019240
18-03-2019,533.049988,535.799988,529,534.5,530.039612,1266863
19-03-2019,537.150024,537.700012,530.200012,533.650024,529.196716,874797
20-03-2019,532,534.799988,531.099976,533.25,528.800049,1255306
22-03-2019,534.900024,539,523.599976,526.799988,522.40387,1579084
25-03-2019,525.599976,528.700012,516.200012,526.849976,522.45343,1874898
26-03-2019,528.5,532.5,525.700012,529.299988,524.882996,3044792
27-03-2019,531.400024,533.599976,524.049988,525.5,521.114746,1217387
28-03-2019,525.299988,527.349976,522.299988,525.599976,521.213867,4133379
01-04-2019,516.299988,528.75,516.299988,525.650024,521.263489,4091454
02-04-2019,529.950012,529.950012,521.150024,522.650024,518.288513,1268431
03-04-2019,523,524.799988,519.099976,520.450012,516.106873,3276338
04-04-2019,519,522,517.5,521,516.652283,5555991
05-04-2019,531.400024,541,526,532.099976,527.659607,9784780
08-04-2019,536.5,536.900024,522.700012,525.400024,521.015564,2429845
09-04-2019,526.25,534.5,525.400024,532,527.560486,2301681
10-04-2019,531.549988,551.75,530.799988,546.450012,541.889893,5992326
11-04-2019,546.349976,554.700012,542,544.849976,540.303223,2977870
12-04-2019,547.950012,556.700012,545.299988,554.849976,550.219788,4347530
15-04-2019,555,569.200012,552,566.299988,561.574219,2252373
16-04-2019,570,571.75,556.599976,559.349976,554.68219,2246831
18-04-2019,562,566.650024,553.200012,561.549988,556.863892,2306549
22-04-2019,560,566,556.599976,561.099976,556.417603,1205612
23-04-2019,562.5,575.950012,560.400024,561.700012,557.012634,2179959
24-04-2019,561.400024,564.5,553.200012,558.549988,553.888916,1896565
25-04-2019,558.700012,563.950012,551.150024,555.599976,550.963501,2416194
26-04-2019,558.25,572.900024,557.200012,567.950012,563.210449,2593397
30-04-2019,569.900024,571.049988,558.650024,565,560.285095,1914026
02-05-2019,563,569.700012,556.700012,565.599976,560.880066,1700976
03-05-2019,568,573,561.650024,564.5,559.789307,2758638
06-05-2019,556,564.5,556,563.349976,558.648804,1715311
07-05-2019,564,566.299988,555.150024,557.950012,553.293945,1478212
08-05-2019,556,561.400024,549,558,553.343567,1890174
09-05-2019,559.900024,561.049988,548.700012,557.75,553.095581,1672967
10-05-2019,557.75,562.700012,551,555.549988,550.914001,1687480
13-05-2019,552,556.75,529.599976,546.700012,542.137817,2027570
14-05-2019,546,560.75,541.200012,556,551.360168,1822829
15-05-2019,554,562.5,551.5,555.700012,551.062683,1396473
16-05-2019,554,556.700012,541.049988,550.200012,545.608643,2589467
17-05-2019,549,551.950012,541,544.150024,539.60907,1194005
20-05-2019,560,567,550.400024,565.450012,560.731323,1586746
21-05-2019,565.450012,580,552.75,559.349976,554.68219,4286383
22-05-2019,562,574,550.049988,553,548.385254,7762734
23-05-2019,561.900024,568.900024,543.75,564.75,560.03717,5640728
24-05-2019,569.200012,572.5,559.450012,570.599976,565.838379,1796355
27-05-2019,570,586,568,578.700012,573.870789,1959075
28-05-2019,579,584.200012,571.5,577.950012,573.127075,2469586
29-05-2019,577.400024,582.450012,559.900024,564.349976,559.640503,1948077
30-05-2019,560.099976,563.5,554.25,561.950012,557.260559,2577559
31-05-2019,562.700012,569,550.849976,558.849976,554.18634,1912387
03-06-2019,559,569.450012,552.5,568.25,563.507935,1284381
04-06-2019,564,575,561.099976,562.650024,557.954712,1558827
06-06-2019,565,568.299988,556.549988,559.799988,555.128479,1750285
07-06-2019,565,565,542,549.5,544.914429,2696228
10-06-2019,550.599976,562.599976,550,554.549988,549.922302,1708042
11-06-2019,555.400024,566.400024,551,559.849976,555.17804,2518184
12-06-2019,558.900024,567,556.25,561.599976,556.913452,1253337
13-06-2019,560.049988,566.599976,559.25,564.599976,559.888367,1594956
14-06-2019,560.150024,564.450012,554.150024,555.599976,550.963501,1808363
17-06-2019,555.5,556.599976,543.849976,545.150024,540.600769,1267159
18-06-2019,545.200012,555.5,545.049988,547.599976,543.030273,1257992
19-06-2019,550.599976,551.900024,532.549988,533.700012,529.246338,1137906
20-06-2019,531.799988,552.450012,528.650024,551.299988,546.699402,1986432
21-06-2019,549.849976,553.799988,545.200012,551.549988,546.947327,1534007
24-06-2019,548.549988,552.450012,545.099976,549.900024,545.311096,981017
25-06-2019,548.950012,554.950012,546.549988,550.049988,545.459839,805704
26-06-2019,550,558.799988,548,556.549988,551.905579,1020879
27-06-2019,556.849976,563.900024,550.299988,551.950012,547.343994,1323494
28-06-2019,551.900024,556.700012,546.349976,553.450012,548.831543,996578
01-07-2019,555.700012,559.349976,553.150024,555.799988,551.161865,565463
02-07-2019,557.150024,558.5,551.5,555.349976,550.715576,565414
03-07-2019,555.349976,556.700012,549.450012,553.25,548.633118,797387
04-07-2019,554.650024,555.650024,550.599976,551.549988,546.947327,639531
05-07-2019,551.549988,554.25,549.200012,550,545.410278,796604
08-07-2019,547,549,534.650024,538.450012,533.956665,1490078
09-07-2019,536.799988,552.450012,536.799988,548.799988,544.220276,1472836
10-07-2019,545.349976,551.150024,541.849976,544.950012,540.402405,1045560
11-07-2019,549,553.799988,546,552.400024,547.790283,726448
12-07-2019,554,566.5,547.200012,556.799988,552.153503,1485506
15-07-2019,559.900024,560.5,548.599976,550.549988,545.955688,842129
16-07-2019,554.75,558.450012,549.400024,553.549988,548.930603,1460303
17-07-2019,554,558.5,547.450012,557.549988,552.897278,1034734
18-07-2019,558.849976,559,545.5,547,542.435303,1355289
19-07-2019,550.799988,552,535.5,536.700012,532.221313,783708
22-07-2019,536.700012,540,526.200012,530.950012,526.519287,1816845
23-07-2019,531,535.200012,521,528.900024,524.486389,2353027
24-07-2019,529,529,517.049988,518.75,514.421021,2707033
25-07-2019,521.349976,539.200012,519,536.650024,532.171692,3183510
26-07-2019,533.200012,539.900024,528.25,532.099976,527.659607,1371242
29-07-2019,531.599976,534.950012,520.25,522.25,517.891846,735045
30-07-2019,522.200012,533.599976,517.799988,520,515.660583,1665158
31-07-2019,516.900024,522.700012,506,521.099976,519.75,1828077
01-08-2019,516.150024,519.450012,509.200012,512.450012,511.122437,1289007
02-08-2019,509,519.700012,508.700012,516.099976,514.762939,1574251
05-08-2019,513.799988,520.799988,512.25,518.900024,517.555725,2162918
06-08-2019,518,527,496.850006,500.149994,498.854279,7425849
07-08-2019,502.700012,525.849976,501.649994,518.299988,516.957275,4668643
08-08-2019,504.75,510,493.799988,503.049988,501.746765,6750611
09-08-2019,505.899994,511.700012,481.549988,484.5,483.244812,5172748
13-08-2019,484.5,486.899994,473.049988,475.75,474.517487,2952687
14-08-2019,477.450012,483.25,465,478.299988,477.060883,2376714
16-08-2019,477,483.399994,474.5,476.100006,474.866608,1279325
19-08-2019,478.5,485.549988,474.600006,475.850006,474.617249,1211272
20-08-2019,478.850006,481.700012,470.549988,478.700012,477.459869,1606901
21-08-2019,478.600006,479,466.950012,468.049988,466.837433,1065506
22-08-2019,464.899994,469.950012,460.600006,464,462.797943,1398888
23-08-2019,464,467.350006,449.200012,465.899994,464.692993,2217428
26-08-2019,468.100006,470.950012,454.899994,466.549988,465.341309,2158865
27-08-2019,468.5,469.850006,458.450012,465.350006,464.14444,2992115
28-08-2019,465.799988,476.200012,460.149994,464.25,463.047302,2193022
29-08-2019,465.5,468,456.549988,465.200012,463.994843,1410078
30-08-2019,468,475.200012,461.450012,472.450012,471.226044,1126818
03-09-2019,467,471.25,461,469.549988,468.333557,1564714
04-09-2019,471.100006,475,467.049988,471.399994,470.178772,2339657
05-09-2019,472,479.75,470.600006,478.399994,477.160614,1216510
06-09-2019,479,482.5,473.75,474.899994,473.669678,1668897
09-09-2019,475,478.700012,472.100006,475,473.76944,780846
11-09-2019,474,478.299988,468.049988,471.799988,470.577728,996410
12-09-2019,474,474,464.399994,467.799988,466.588074,1179858
13-09-2019,468.049988,469.649994,464.5,469,467.784973,818854
16-09-2019,467,472,464.100006,470.5,469.281097,1257381
17-09-2019,471.950012,472.399994,457,460.649994,459.456604,1753611
18-09-2019,461.399994,462.799988,454.350006,458.649994,457.461792,1656705
19-09-2019,458.649994,461.950012,449.899994,452.049988,450.878876,1027073
20-09-2019,454.200012,465,445.5,463.299988,462.099731,2558072
23-09-2019,468,472.299988,445,448.899994,447.737061,2819792
24-09-2019,450,455.049988,446.600006,450.25,449.083557,1959468
25-09-2019,449.899994,450,432.200012,434.600006,433.474121,3524655
26-09-2019,439,440.450012,430.399994,438.450012,437.314148,3960277
27-09-2019,438.450012,446,435.700012,439.399994,438.261658,3151119
30-09-2019,430,432.799988,418,425.5,424.397675,6307161
01-10-2019,426.899994,426.899994,402.700012,412.649994,411.580963,4914716
03-10-2019,411,421,406.5,418.100006,417.016846,2639852
04-10-2019,419.5,431.299988,416.149994,418.350006,417.266205,4182360
07-10-2019,419.950012,419.950012,405.5,408.25,407.192352,2564196
09-10-2019,408.299988,427,407.5,423.350006,422.253265,4117690
10-10-2019,423.100006,427.299988,418.549988,422.149994,421.056335,2381621
11-10-2019,422.549988,443,389.549988,441.350006,440.206635,17354782
14-10-2019,441.350006,446.450012,433.5,440.899994,439.757782,5861895
15-10-2019,440,448.5,435.350006,446.549988,445.393127,3153015
16-10-2019,446.299988,447.850006,438.950012,446.799988,445.642487,2180925
17-10-2019,445.299988,447.700012,439.399994,446.299988,445.143768,1818421
18-10-2019,448.5,451.149994,440.100006,444.149994,442.999359,2850227
22-10-2019,441.25,457.75,440.200012,453.899994,452.724091,2333810
23-10-2019,453.649994,456.799988,448.100006,454.25,453.073181,2262575
24-10-2019,455,456,443.549988,446.850006,445.692383,1733751
25-10-2019,447.100006,461.450012,441.75,459.850006,458.658691,2647759
27-10-2019,0.0,0.0,0.0,0.0,0.0,0.0
29-10-2019,463.899994,478.399994,462,473.049988,471.824463,3498572
30-10-2019,478.950012,478.950012,462.25,465,463.795349,2640132
31-10-2019,465,472.700012,460.149994,466.850006,465.640564,3944718
01-11-2019,467.299988,474.200012,462.399994,469.200012,467.984467,3649879
04-11-2019,471.399994,478.5,467.049988,468.299988,467.086792,2393325
05-11-2019,470.149994,475.5,465.149994,467.850006,466.63797,1391429
06-11-2019,469.049988,487.950012,464.25,480.850006,479.604279,17751556
07-11-2019,482,487.399994,470,471.850006,470.627594,5892783
08-11-2019,470.100006,470.100006,461.25,462.5,461.301819,4300075
11-11-2019,459.399994,459.399994,451.75,454.850006,453.671631,4109355
13-11-2019,452,455,446,447.899994,446.739624,3001272
14-11-2019,445.200012,458.200012,442.649994,451.399994,450.23056,2659601
15-11-2019,448,468.049988,435.399994,463.25,462.049866,10693852
18-11-2019,463,472,457.649994,460.600006,459.406738,2847404
19-11-2019,461.200012,477.5,459.549988,472.100006,470.876953,5080106
20-11-2019,472,483.700012,468.649994,482.600006,481.349762,4080054
21-11-2019,482.600006,492.299988,476.600006,485.5,484.242249,5600894
22-11-2019,485,485,472.700012,478.850006,477.609467,2778328
25-11-2019,478.25,485.350006,475.899994,483.5,482.247406,1465490
26-11-2019,483,490.549988,476.700012,478.549988,477.310242,3880896
27-11-2019,475,475,464.549988,468,466.787567,3494515
28-11-2019,472,476.5,464.100006,468.350006,467.136658,2933958
29-11-2019,469.649994,473.399994,465.600006,466.700012,465.490967,1307574
02-12-2019,469.600006,469.600006,455.350006,464,462.797943,2492362
03-12-2019,465,465.850006,460,464.25,463.047302,1067139
04-12-2019,463,471.850006,462,470,468.782379,1426757
05-12-2019,469.5,470.299988,460.399994,461.600006,460.404144,1483537
06-12-2019,463,467,454,455.450012,454.270111,2520045
09-12-2019,457.399994,457.75,444.600006,447.899994,446.739624,3761784
10-12-2019,450.600006,454.950012,449.5,453.049988,451.876282,2807906
11-12-2019,453,453.100006,446.700012,449.950012,448.784332,1806996
12-12-2019,452.200012,463.100006,452.200012,461.049988,459.85556,2730092
13-12-2019,461.049988,465,456.600006,461.25,460.055054,1213599
16-12-2019,463.049988,464.75,457.5,458.25,457.062836,903737
17-12-2019,462.049988,466.200012,460.350006,463.950012,462.748077,2434853
18-12-2019,464,469.25,461.5,467.799988,466.588074,1705929
19-12-2019,465.649994,471.5,464.799988,467.600006,466.388611,1485123
20-12-2019,466.899994,474.450012,463.899994,465.75,464.543396,2248997
23-12-2019,467,469,464.5,467.850006,466.63797,866023
24-12-2019,467.25,480,465.5,478.700012,477.459869,3262749
26-12-2019,478.700012,482.549988,472.25,474.149994,472.921631,2887784
27-12-2019,474.549988,483.5,472.799988,481.100006,479.853638,2005404
30-12-2019,481.100006,487,478.25,479.950012,478.706635,1809828
31-12-2019,479.950012,484.299988,476.950012,478.200012,476.961151,1640854
01-01-2020,481,481,474.450012,475.899994,474.667114,1316812
02-01-2020,478.850006,479.899994,472.299988,473.5,472.273315,1406381
03-01-2020,475.799988,475.799988,467.25,469.950012,468.732544,2252752
06-01-2020,469.799988,469.950012,461.200012,466.75,465.540802,1501855
07-01-2020,466,470,463.649994,468.600006,467.386017,2365554
08-01-2020,467.799988,470.100006,461.600006,464.75,463.54599,1507276
09-01-2020,467.5,473.299988,467.5,470.100006,468.882141,1700600
10-01-2020,470.100006,477,469.75,473.5,472.273315,1213600
13-01-2020,474.5,482.450012,474.5,477.649994,476.412567,1229969
14-01-2020,480.600006,485.200012,479.200012,484.25,482.995483,2160301
15-01-2020,484,486.850006,479.549988,484,482.746124,1413668
16-01-2020,484,487.450012,479,480.25,479.005829,1694372
17-01-2020,480,482.950012,476.549988,480.299988,479.055695,2039387
20-01-2020,480.450012,483.149994,476.649994,480.149994,478.906097,1206931
21-01-2020,478.950012,479.549988,472.200012,473.399994,472.173584,1448808
22-01-2020,474.5,480.299988,470.25,471.600006,470.378265,2380518
23-01-2020,464.5,475.850006,459.350006,465.149994,463.944946,5783749
24-01-2020,465,467.75,456.850006,458.850006,457.661285,2713370
27-01-2020,457.5,466.5,454.200012,464.450012,463.246796,5849003
28-01-2020,465,468,458.950012,464.700012,463.496124,3592413
29-01-2020,464.700012,467.399994,460.350006,461.549988,460.354279,1737293
30-01-2020,461,461,446.350006,451,449.831604,2766881
31-01-2020,453.950012,453.950012,442.100006,446.899994,445.742218,2184609
03-02-2020,444,450.649994,439.399994,444.549988,443.398315,1690394
04-02-2020,446.700012,452.450012,444.200012,448.450012,447.288239,2030860
05-02-2020,449.549988,459.149994,437.5,447.549988,446.390533,3637403
06-02-2020,462.5,464.350006,435.350006,439.649994,438.511017,7118843
07-02-2020,440,445.899994,437.299988,443.200012,442.051819,6386193
10-02-2020,444.200012,451,442.100006,444.75,443.597809,3557480
11-02-2020,447.100006,452,443.350006,450.600006,449.432648,1889638
12-02-2020,454.950012,454.950012,445,446.799988,445.642487,1683136
13-02-2020,446.799988,448.899994,440.5,443.399994,442.251282,2041017
14-02-2020,444,448.899994,441.5,447.100006,445.941711,1814780
17-02-2020,444.5,445.75,430.100006,431.899994,430.781097,4581786
18-02-2020,433,437.649994,428.100006,436,434.870483,2453801
19-02-2020,437.799988,449.200012,437.399994,447.5,446.340668,2359566
20-02-2020,448,448.799988,434.5,435.75,434.621124,3048500
24-02-2020,436,436.700012,426.549988,430.149994,429.035614,2569563
25-02-2020,430.200012,431.200012,420,425.799988,424.696899,2438218
26-02-2020,406,425,405.799988,422.200012,421.106232,8068909
27-02-2020,411.100006,424,409,421.200012,420.108826,5109022
28-02-2020,413,416.450012,398.049988,402.100006,401.058289,4200936
02-03-2020,407,411.25,394.649994,401.950012,400.908691,3460583
03-03-2020,402,429.200012,402,425.299988,424.198181,5476676
04-03-2020,425.600006,449.799988,420,447.649994,446.490295,9297945
05-03-2020,447.850006,472,437.450012,440.600006,439.458557,9637431
06-03-2020,425,438.149994,423.049988,434.399994,433.274628,2916146
09-03-2020,425,432.649994,423.5,426.149994,425.04599,2986596
11-03-2020,425,426.149994,410.200012,417.100006,416.01944,5314547
12-03-2020,412.5,412.5,390.75,394.75,393.727325,5636464
13-03-2020,388,434.950012,355.299988,425.549988,424.44754,6096891
16-03-2020,416,423.899994,392.75,396.399994,395.373047,5394603
17-03-2020,397,422,390.75,401.75,400.709198,2989674
18-03-2020,411.799988,411.799988,381.700012,386,385,4200456
19-03-2020,374.799988,390.75,362.899994,374.700012,374.700012,2926091
20-03-2020,379.799988,399.799988,372.450012,392.799988,392.799988,4718358
23-03-2020,370,406.899994,370,375.25,375.25,5507004
24-03-2020,380,409.75,372.549988,377.450012,377.450012,6649616
25-03-2020,378,394.899994,374,376.450012,376.450012,6418955
26-03-2020,383,394.700012,380.5,386.149994,386.149994,4291225
27-03-2020,393,411,391.950012,407.649994,407.649994,6471291
30-03-2020,413.799988,438.700012,407.649994,431.75,431.75,9020926
31-03-2020,446,446.600006,420,422.850006,422.850006,9434602
01-04-2020,424.899994,430.899994,410.399994,413.75,413.75,6329668
03-04-2020,425,454.700012,416.25,449.200012,449.200012,17906762
07-04-2020,479,513.400024,452,492.25,492.25,20843608
08-04-2020,496.950012,530,490,512.75,512.75,19456188
09-04-2020,564,610,564,579.599976,579.599976,27207708
13-04-2020,605,605,583,592.849976,592.849976,15483858
15-04-2020,604.450012,614,578.599976,592.349976,592.349976,16213806
16-04-2020,590,612.799988,582,600.450012,600.450012,12716342
17-04-2020,615,615,595,598,598,8304173
20-04-2020,598,599.400024,580,585.400024,585.400024,5856150
21-04-2020,578,609.799988,570,592.099976,592.099976,14471856
22-04-2020,594.900024,599.75,585,587.200012,587.200012,6182243
23-04-2020,590,603.900024,579.049988,586.700012,586.700012,6277840
24-04-2020,586.400024,606,583.599976,599.299988,599.299988,11127889
27-04-2020,600,632.650024,600,608.700012,608.700012,14089786
28-04-2020,616.799988,621.25,593.25,598.599976,598.599976,8193422
29-04-2020,605,607.900024,590.099976,596.25,596.25,6767183
30-04-2020,607.900024,611.450012,586.099976,589.599976,589.599976,9099721
04-05-2020,589,616.950012,580.599976,611.849976,611.849976,16815950
05-05-2020,623.049988,623.049988,595,596.900024,596.900024,9257154
06-05-2020,597.5,606,590,591.75,591.75,6978135
07-05-2020,598,601.799988,587.5,589.549988,589.549988,4620871
08-05-2020,598,601.200012,589.5,591.900024,591.900024,5051303
11-05-2020,600.950012,600.950012,583.450012,586.049988,586.049988,5853892
12-05-2020,587,593.799988,566.200012,570.150024,570.150024,8868938
13-05-2020,600,605,568.900024,570.200012,570.200012,10438589
14-05-2020,571,577.900024,566.099976,569.75,569.75,8546002
15-05-2020,572,585,565.599976,570.299988,570.299988,14388403
18-05-2020,570.599976,605,570.5,600.450012,600.450012,22898114
19-05-2020,600,608.799988,590.200012,594.950012,594.950012,10951060
20-05-2020,597,624.349976,595.400024,620.650024,620.650024,13440063
21-05-2020,620.650024,626.849976,612.299988,616.599976,616.599976,7916771
22-05-2020,616.700012,641.849976,610.099976,639.349976,639.349976,10874832
26-05-2020,640,646.900024,624.049988,627.700012,627.700012,8859302
27-05-2020,630,637.799988,625.799988,633.049988,633.049988,7710100
28-05-2020,634,637.650024,626.049988,628.349976,628.349976,5488625
29-05-2020,633,650.950012,631,648.150024,648.150024,10580203
01-06-2020,649,652.599976,634.549988,642.5,642.5,7439123
02-06-2020,644.900024,658.650024,636,637.599976,637.599976,6883363
03-06-2020,646.849976,649.5,635.299988,641.200012,641.200012,5044700
04-06-2020,643,664.799988,642.5,660.549988,660.549988,10452388
05-06-2020,665,669.75,649,650.900024,650.900024,6481383
08-06-2020,656.700012,657.799988,633.049988,635.099976,635.099976,6263334
09-06-2020,638.900024,654.299988,637.049988,640.049988,640.049988,8968365
10-06-2020,646.799988,650.75,639.799988,642.950012,642.950012,5425984
11-06-2020,645.650024,646.950012,632.799988,635,635,3172467
12-06-2020,616.299988,645,616.299988,643.599976,643.599976,5579009
15-06-2020,643,653.5,637,643.650024,643.650024,4520180
16-06-2020,644.5,650,632.450012,637.799988,637.799988,2927072
17-06-2020,640,643.799988,635,640.349976,640.349976,2648039
18-06-2020,641.650024,644.799988,636.400024,642.049988,642.049988,2161524
19-06-2020,648.849976,648.849976,631.5,636.200012,636.200012,4476020
22-06-2020,691,692.5,651.650024,655.950012,655.950012,29312493
23-06-2020,674,674,655.400024,659.799988,659.799988,8287482
24-06-2020,660,662.25,628.299988,631.200012,631.200012,6955942
25-06-2020,632,642,629.150024,634.900024,634.900024,5816404
26-06-2020,639,643.650024,631.599976,634.900024,634.900024,3847728
29-06-2020,637,648,635.400024,644.900024,644.900024,6772032
30-06-2020,647.950012,649.900024,638,640.25,640.25,4319880
01-07-2020,642.599976,642.599976,621.049988,627.099976,627.099976,4809651
02-07-2020,630,654.450012,626,646.200012,646.200012,6169821
03-07-2020,652.950012,652.950012,635.5,638.799988,638.799988,5379171
06-07-2020,640,644.25,629.200012,634.599976,634.599976,5604802
07-07-2020,637.950012,642.599976,635.200012,636.549988,636.549988,3781547
08-07-2020,643.450012,648,632.5,634.400024,634.400024,6952585
09-07-2020,643.950012,643.950012,636.25,639.049988,639.049988,4354183
10-07-2020,640,647,636.700012,638.900024,638.900024,4119561
13-07-2020,641,646,636.599976,638.349976,638.349976,3450069
14-07-2020,639.950012,644,631.25,632.299988,632.299988,5432821
15-07-2020,634.400024,643.5,633.099976,638.200012,638.200012,4253913
16-07-2020,639.950012,677.400024,635.900024,674.5,674.5,16098128
17-07-2020,674.5,696.650024,669.25,689.099976,689.099976,15244102
20-07-2020,689,690.849976,672.349976,674.349976,674.349976,5469496
21-07-2020,676.099976,682.099976,660,662.299988,662.299988,4314750
22-07-2020,666.150024,677.799988,657.5,661.700012,661.700012,5918154
23-07-2020,663.950012,674,662.200012,671.450012,671.450012,4620517
24-07-2020,673,681,658.200012,666.049988,666.049988,4962702
27-07-2020,673.950012,673.950012,650.400024,652.900024,652.900024,4465020
28-07-2020,651,665.75,644.25,662.599976,662.599976,4583066
29-07-2020,662.599976,685.549988,662.599976,681.25,681.25,7288781
30-07-2020,681.200012,698.950012,681,685.950012,685.950012,7170665
31-07-2020,687,724,687,720.150024,720.150024,18897302
